{
  "model": "Qwen/Qwen2.5-0.5B-Instruct",
  "subsample_per_class": 250,
  "n_layers_probed": 25,
  "deepset": {
    "train_n": 453,
    "test_n": 116,
    "best_layer_by_cv": 13,
    "best_layer_test_auc": 0.9994047619047619,
    "per_layer_cv_auc": [
      0.801630487804878,
      0.9423121951219512,
      0.9877243902439025,
      0.979660975609756,
      0.987931707317073,
      0.9891926829268293,
      0.9929365853658536,
      0.9966585365853659,
      0.9966609756097562,
      0.9967682926829268,
      0.9954878048780488,
      0.9964853658536585,
      0.9981439024390244,
      0.9986317073170732,
      0.9978512195121951,
      0.9986317073170732,
      0.9945512195121952,
      0.9942780487804879,
      0.9941926829268294,
      0.9944878048780488,
      0.9967463414634146,
      0.995980487804878,
      0.9943975609756098,
      0.9940048780487805,
      0.9941170731707316
    ],
    "per_layer_test_auc": [
      0.9157738095238096,
      0.9758928571428571,
      0.9931547619047618,
      0.9916666666666667,
      0.9863095238095237,
      0.9973214285714286,
      0.994345238095238,
      0.9958333333333333,
      0.9976190476190476,
      0.9943452380952381,
      0.9961309523809524,
      0.9994047619047619,
      0.9994047619047619,
      0.9994047619047619,
      0.9985119047619047,
      0.9970238095238095,
      1.0,
      0.9988095238095238,
      0.999702380952381,
      1.0,
      0.9985119047619048,
      0.9991071428571429,
      0.9973214285714286,
      0.9988095238095238,
      0.9988095238095238
    ],
    "entropy_mean_auc": 0.5476190476190477,
    "entropy_last_auc": 0.5461309523809524
  },
  "xtram1": {
    "train_n": 500,
    "test_n": 500,
    "best_layer_by_cv": 16,
    "best_layer_test_auc": 0.9948,
    "per_layer_cv_auc": [
      0.83728,
      0.9332799999999999,
      0.96112,
      0.9537599999999999,
      0.9757599999999998,
      0.99176,
      0.9924799999999999,
      0.9941600000000002,
      0.9864,
      0.99208,
      0.9924,
      0.9943199999999999,
      0.99696,
      0.99712,
      0.9962399999999999,
      0.9974399999999999,
      0.9975999999999999,
      0.99688,
      0.9962399999999999,
      0.9944,
      0.9904,
      0.9939199999999999,
      0.99312,
      0.9955999999999999,
      0.9955999999999999
    ],
    "per_layer_test_auc": [
      0.79124,
      0.915648,
      0.96128,
      0.9571839999999999,
      0.973888,
      0.984416,
      0.9890399999999999,
      0.992896,
      0.987264,
      0.990048,
      0.986336,
      0.9876320000000001,
      0.9920640000000001,
      0.99136,
      0.98976,
      0.9937440000000001,
      0.9948,
      0.992576,
      0.99208,
      0.992496,
      0.991632,
      0.99096,
      0.9896959999999999,
      0.9912799999999999,
      0.9935200000000001
    ],
    "entropy_mean_auc": 0.7992480000000001,
    "entropy_last_auc": 0.802864
  },
  "cross_dataset": {
    "deepset_train_xtram1_test_auc": 0.732272,
    "xtram1_train_deepset_test_auc": 0.8666666666666667
  },
  "lexical_control": {
    "tfidf_ngram_range": "1-2",
    "tfidf_max_features": 50000,
    "deepset_indist_auc": 0.9491071428571428,
    "xtram1_indist_auc": 0.997696,
    "deepset_train_xtram1_test_auc": 0.779552,
    "xtram1_train_deepset_test_auc": 0.6873511904761905
  },
  "layer0_cross_dataset": {
    "deepset_train_xtram1_test_auc": 0.51708,
    "xtram1_train_deepset_test_auc": 0.3395833333333334
  }
}