{
  "deepset": {
    "keyword": {
      "N": 662,
      "N_pos": 263,
      "N_neg": 399,
      "TP": 0,
      "FP": 0,
      "TN": 399,
      "FN": 263,
      "recall": 0.0,
      "precision": NaN,
      "FPR": 0.0,
      "F1": NaN,
      "recall_95ci": [
        0.0,
        0.014396555859356262
      ],
      "FPR_95ci": [
        0.0,
        0.009536254448398576
      ]
    },
    "regex": {
      "N": 662,
      "N_pos": 263,
      "N_neg": 399,
      "TP": 2,
      "FP": 0,
      "TN": 399,
      "FN": 261,
      "recall": 0.0076045627376425855,
      "precision": 1.0,
      "FPR": 0.0,
      "F1": 0.015094339622641508,
      "recall_95ci": [
        0.0020878849077426934,
        0.02729883740242184
      ],
      "FPR_95ci": [
        0.0,
        0.009536254448398576
      ]
    },
    "protectai": {
      "N": 662,
      "N_pos": 263,
      "N_neg": 399,
      "TP": 109,
      "FP": 4,
      "TN": 395,
      "FN": 154,
      "recall": 0.4144486692015209,
      "precision": 0.9646017699115044,
      "FPR": 0.010025062656641603,
      "F1": 0.5797872340425532,
      "recall_95ci": [
        0.35655936069487154,
        0.47480126673353534
      ],
      "FPR_95ci": [
        0.003905200596958319,
        0.025489976068013717
      ]
    }
  },
  "xtram1_test": {
    "keyword": {
      "N": 2060,
      "N_pos": 650,
      "N_neg": 1410,
      "TP": 1,
      "FP": 0,
      "TN": 1410,
      "FN": 649,
      "recall": 0.0015384615384615385,
      "precision": 1.0,
      "FPR": 0.0,
      "F1": 0.0030721966205837174,
      "recall_95ci": [
        0.00027162089232817595,
        0.008662653096968315
      ],
      "FPR_95ci": [
        0.0,
        0.00271713606389853
      ]
    },
    "regex": {
      "N": 2060,
      "N_pos": 650,
      "N_neg": 1410,
      "TP": 43,
      "FP": 0,
      "TN": 1410,
      "FN": 607,
      "recall": 0.06615384615384616,
      "precision": 1.0,
      "FPR": 0.0,
      "F1": 0.1240981240981241,
      "recall_95ci": [
        0.049481354688081104,
        0.0879244023026029
      ],
      "FPR_95ci": [
        0.0,
        0.00271713606389853
      ]
    },
    "protectai": {
      "N": 2060,
      "N_pos": 650,
      "N_neg": 1410,
      "TP": 547,
      "FP": 2,
      "TN": 1408,
      "FN": 103,
      "recall": 0.8415384615384616,
      "precision": 0.9963570127504554,
      "FPR": 0.0014184397163120568,
      "F1": 0.9124270225187656,
      "recall_95ci": [
        0.8114689193035278,
        0.8675946337038061
      ],
      "FPR_95ci": [
        0.0003890654090102563,
        0.005157241900097072
      ]
    }
  }
}