{
  "indist_xtram1_test": {
    "N": 2060,
    "N_pos": 650,
    "N_neg": 1410,
    "TP": 637,
    "FP": 2,
    "TN": 1408,
    "FN": 13,
    "recall": 0.98,
    "precision": 0.9968701095461658,
    "FPR": 0.0014184397163120568,
    "F1": 0.9883630721489527
  },
  "cross_deepset": {
    "N": 662,
    "N_pos": 263,
    "N_neg": 399,
    "TP": 34,
    "FP": 2,
    "TN": 397,
    "FN": 229,
    "recall": 0.12927756653992395,
    "precision": 0.9444444444444444,
    "FPR": 0.005012531328320802,
    "F1": 0.22742474916387959
  },
  "trained_on": "xTRam1 train split",
  "model": "TF-IDF(1-3gram, 50k) + LogisticRegression(C=1, balanced)"
}